{"enable_scroll_up":"1","theme_primary_color":"#e10419","theme_color_2":"#FF3838","theme_color_3":"#f1b1af","theme_color_4":"#ffa200","theme_color_5":"#E10419","theme_color_6":"#E504EE","theme_color_7":"#173FCF","theme_gd_color_1":{"color_1":"#E10419","color_2":"#8F0815"},"theme_gd_color_2":{"color_1":"#FFA200","color_2":"#E10419"},"theme_gd_color_3":{"color_1":"#173FCF","color_2":"#E504EE"},"theme_gd_color_4":{"color_1":"#FFA200","color_2":"#E10419","color_3":"#FFA200"},"preloader_enable":"1","preloader_bg_color":"#010317","preloader_image":{"url":"","id":"","width":"","height":"","thumbnail":"","alt":"","title":"","description":""},"preloader_image_width":"150","enable_rtl":"","body-typography":{"font-family":"","font-weight":"","font-style":"","subset":"","text-align":"","text-transform":"","font-size":"","line-height":"","letter-spacing":"","color":"","type":"","unit":"px"},"heading-gl-typo":{"font-family":"","font-weight":"","font-style":"","subset":"","text-align":"","text-transform":"","font-size":"","line-height":"","letter-spacing":"","color":"","type":"","unit":"px"},"header_contact_info_enable":"1","header_contact_info_icon":"fa-solid fa-phone-volume","header_contact_info_label":"Give us a call","header_contact_info_number":"+123 (4567) 890","header_right_enable":"1","header_mini_cart_enable":"1","header_search_enable":"1","header_language_enable":"1","telnet_logo":{"url":"https:\/\/themexriver.com\/wp\/telnet-wp\/wp-content\/themes\/telnet\/assets\/img\/logo\/logo.png","id":"","width":"150px","height":"50px","thumbnail":"","alt":"","title":"","description":""},"telnet_logo_width":"150","telnet_favicon":{"url":"https:\/\/themexriver.com\/wp\/telnet-wp\/wp-content\/themes\/telnet\/assets\/img\/favicon.png","id":"","width":"","height":"","thumbnail":"","alt":"","title":"","description":""},"telnet_side_info_logo":{"url":"https:\/\/themexriver.com\/wp\/telnet-wp\/wp-content\/themes\/telnet\/assets\/img\/logo\/logo-white.png","id":"","width":"150px","height":"50px","thumbnail":"","alt":"","title":"","description":""},"telnet_side_info_logo_width":"150","enable_button":"","button_url":{"url":"#","text":"","target":""},"side_info_bg_color":"#f1f1f1","telnet_error_image":{"url":"","id":"","width":"","height":"","thumbnail":"","alt":"","title":"","description":""},"telnet_error_title":"Oops! Page Not found.","telnet_error_link_text":"back to Home page ","breadcrumb_bg_img":{"url":"https:\/\/themexriver.com\/wp\/telnet-wp\/wp-content\/uploads\/2023\/08\/breadcrumb-1.webp","id":"91","width":"1469","height":"528","thumbnail":"https:\/\/themexriver.com\/wp\/telnet-wp\/wp-content\/uploads\/2023\/08\/breadcrumb-1.webp","alt":"","title":"breadcrumb","description":""},"breadcrumb_padding":{"top":"","right":"","bottom":"","left":"","unit":"px"},"footer_style":"","header_style":"372","telnet_enable_social_share":"1","telnet_enable_blog_navigation":"1","shop_filter":"1","show_discount_percentage":"1","enable_custom_add_to_cart_text":"","custom_add_to_cart_text":"Purchase Now","telnet_copyright":"\u00a9 2023 <a href=\"https:\/\/telnet.com.bd\/\" target=\"_blank\">TelNet<\/a>\u2014 internet service provider WordPress Theme.","footer_widget_number":"3"}